cs355_demo,2017-06-06T08:36:04Z
SQL6,2017-06-06T08:30:27Z
SQL5,2017-06-06T08:29:38Z
SQL4,2017-06-06T08:28:15Z
cs_354demo,2017-06-06T07:43:22Z
guide,2017-06-06T05:15:22Z
trylab,2017-06-06T02:52:02Z
Repobot,2017-03-14T07:11:36Z
seedlab,2015-04-07T11:06:36Z
finaltest,2015-02-13T09:50:45Z
HTML1,2015-02-10T05:08:47Z
MD5,2015-02-05T02:20:15Z
Whac-A-Mole,2015-02-03T03:28:14Z
play,2015-01-31T12:20:02Z
seven,2015-01-31T07:13:51Z
ngx_http_echo_module,2015-01-30T05:14:12Z
laravel-blog-7-final,2015-01-29T08:45:54Z
EarthDemo,2015-01-28T20:33:56Z
Calculator-1,2015-01-28T08:27:52Z
laravel-blog-6,2015-01-28T01:30:01Z
laravel-blog-5,2015-01-27T03:18:12Z
impress,2015-01-26T08:17:53Z
laravel-blog-4,2015-01-26T03:30:25Z
c,2015-01-25T03:31:07Z
SQL3,2015-01-23T06:18:21Z
laravel-blog-3,2015-01-23T03:24:08Z
laravel-blog-2,2015-01-22T03:47:56Z
laravel-blog-1,2015-01-20T10:11:35Z
java_websocket_chat,2014-12-29T10:35:42Z
proxy,2014-12-24T10:04:32Z
css3_leaning,2014-11-07T10:34:12Z
jQuery-base-code,2014-11-06T05:02:42Z
shell_typing_game,2014-11-06T04:53:48Z
course,2014-11-06T03:53:00Z
PythonShootGame,2014-11-05T09:42:25Z
whack-a-mole,2014-11-04T02:56:20Z
pyoudao,2014-11-03T00:59:11Z
Linux-c-snake,2014-10-31T06:59:30Z
LinuxC-network,2014-10-25T15:10:12Z
golang2048_game,2014-10-15T16:06:02Z
Golang_Programming,2014-10-13T09:32:13Z
JQuery-code,2014-10-13T03:15:44Z
docker-registry,2014-10-10T20:00:22Z
CPlusPlusLab,2014-09-16T02:06:03Z
CLangugaeLab,2014-09-16T02:04:25Z
ABSLab,2014-09-16T01:55:41Z
system,2014-09-04T01:12:23Z
dockworker,2014-07-22T20:05:26Z
boot2docker,2014-07-08T02:46:36Z
gitproject,2014-07-04T05:20:09Z
email_spider,2012-05-13T16:24:40Z
louplus-linux,2018-03-02T08:23:18Z
louplus-python,2018-02-26T13:36:50Z
lou_challenge_ele,2018-02-09T09:22:56Z
trojan,2017-06-20T11:10:55Z
jekyll-bootstrap,2017-06-07T00:33:44Z
shiyanlou_cs409,2017-06-07T00:33:37Z
cssfinaltest,2017-06-07T00:33:32Z
shiyanlou_cs573,2017-06-07T00:33:26Z
php-server,2017-06-07T00:33:20Z
node-red,2017-06-07T00:33:07Z
scrapy-weather,2017-06-07T00:32:58Z
shiyanlou_cs31,2017-06-07T00:30:09Z
contact,2017-06-07T00:27:11Z
shiyanlou_cs382,2017-06-07T00:06:53Z
flask,2017-06-07T00:06:11Z
termbox-go,2017-06-07T00:05:53Z
shiyanlou_cs549,2017-06-07T00:02:26Z
node-red-ifttt,2017-06-07T00:02:14Z
sms,2017-06-07T00:02:06Z
js-minesweeper,2017-06-07T00:01:57Z
mininet,2017-06-06T22:21:24Z
saepythondevguide,2017-06-06T22:21:16Z
tcp_ip_5,2017-06-06T22:21:10Z
ryu,2017-06-06T22:19:57Z
hadoop-book,2017-06-06T09:36:15Z
sinatra-blog-api,2017-06-06T09:36:08Z
tcp_ip_6,2017-06-06T09:36:01Z
shiyanlou_cs103,2017-06-06T08:42:36Z
shiyanlou_cs419,2017-06-06T08:41:46Z
shiyanlou_cs427,2017-06-06T08:40:37Z
jquery-learning,2014-12-23T03:49:15Z
socketio,2014-12-19T10:02:31Z
css3,2014-12-18T01:42:57Z
scapy_arp,2014-12-17T06:57:18Z
countdown,2014-12-16T13:41:23Z
gevent-socketio,2014-12-16T02:41:02Z
lottery,2014-12-15T06:48:57Z
Flask-SSE-Chat,2014-12-12T01:42:24Z
jqueryslider,2014-12-10T07:24:11Z
ruby-port-scan,2014-12-09T10:11:11Z
pythonchat,2014-12-09T08:18:01Z
gtk-vlc-video-player,2014-12-07T14:11:35Z
Calculator,2014-12-05T03:30:29Z
flip,2014-12-03T16:17:53Z
jquery-pciture-zoom,2014-12-03T10:19:42Z
jquerypuzzle,2014-12-02T06:51:06Z
jspuzzle,2014-12-02T06:41:21Z
python_markup,2014-12-01T02:10:59Z
hadoopwordcount,2014-11-26T09:37:10Z
falls,2014-11-24T11:16:12Z
golang-ftp-client,2014-11-24T09:01:27Z
mapreduce-pro,2014-11-24T07:00:17Z
datastructure_code,2014-11-21T10:09:02Z
flask-micblog,2014-11-20T05:03:52Z
2048_code,2014-11-19T02:10:23Z
PythonCalculator,2014-11-18T09:00:04Z
Linux-c-code,2014-11-17T05:09:19Z
camp,2014-11-14T05:54:48Z
golang-markdown-previewer,2014-11-13T02:10:31Z
Photo,2014-11-07T10:42:22Z
